{
  "R_collapse_steps": 671,
  "R_final": 0.3083422237773283,
  "R_mean": 0.35227653254631736,
  "R_std": 0.16970697221761738,
  "R_var": 0.028800456419271155,
  "_saved_at": "2025-10-30T01:10:45.970055Z",
  "coherence_final": 0.314697265625,
  "coherence_mean": 0.45337146014286045,
  "coherence_std": 0.14000240345686843,
  "entropy_final": 0.032501220703125,
  "entropy_mean": 0.36063987585187135,
  "entropy_std": 0.44475698046565854,
  "intervention": "embed_noise",
  "seed": 785317
}