{
  "R_collapse_steps": 647,
  "R_final": 0.32491993789262824,
  "R_mean": 0.3195286338287507,
  "R_std": 0.1666115951612859,
  "R_var": 0.027759423642188225,
  "_saved_at": "2025-10-30T00:24:59.670258Z",
  "coherence_final": 0.327880859375,
  "coherence_mean": 0.4228966077660114,
  "coherence_std": 0.15838844181229414,
  "entropy_final": 0.01453399658203125,
  "entropy_mean": 0.37541079134255695,
  "entropy_std": 0.44942444616242316,
  "intervention": "logit_shuffle",
  "seed": 783757
}