cosine,compression_sim,levenshtein_tok,composite,repetition
0.8673941598769913,0.6842105263157895,0.0,0.7859792116275683,0.0
0.9266872118737141,0.736842105263158,0.0,0.8423116089356892,0.0
0.947274832923949,0.6909090909090909,0.0,0.8333345031395676,0.0
0.9190674345469143,0.7037037037037037,0.0,0.8233502208388207,0.0
0.9283346595085887,0.7017543859649122,0.0,0.8276323157113992,0.0
0.9269046357249178,0.7543859649122807,0.0,0.8502296709193014,0.0
0.9022795298679473,0.6545454545454545,0.0,0.7921754963912839,0.0
0.9451444506317548,0.7169811320754718,0.0,0.8437385312734069,0.0
0.9352893496902441,0.7692307692307692,0.2666666666666667,0.8614855361526997,0.0
