{
  "R_collapse_steps": 543,
  "R_final": 0.30649623464595804,
  "R_mean": 0.23710661514276762,
  "R_std": 0.17346401433312927,
  "R_var": 0.030089764268564082,
  "_saved_at": "2025-10-30T01:45:04.782802Z",
  "coherence_final": 0.352294921875,
  "coherence_mean": 0.4517650007103908,
  "coherence_std": 0.20069842535543303,
  "entropy_final": 0.209228515625,
  "entropy_mean": 0.718737705087574,
  "entropy_std": 0.5378206674167074,
  "intervention": "logit_shuffle",
  "seed": 788277
}