{
  "R_collapse_steps": 1098,
  "R_final": 0.2114547828890038,
  "R_mean": 0.4182193736440932,
  "R_std": 0.18962916693485307,
  "R_var": 0.03595922095240637,
  "_saved_at": "2025-10-30T02:47:03.699756Z",
  "coherence_final": 0.2939453125,
  "coherence_mean": 0.47869907137691864,
  "coherence_std": 0.16260268782365137,
  "entropy_final": 0.45166015625,
  "entropy_mean": 0.21504844928699765,
  "entropy_std": 0.38516379703850534,
  "intervention": "embed_noise",
  "seed": 791188
}