prompt,"r(cos,comp)","r(cos,ncd)","r(cos,lev)","r(comp,ncd)","r(comp,lev)","r(ncd,lev)","r(rep,cos)","r(rep,comp)","r(rep,ncd)","r(rep,lev)",mean_cos,mean_comp,mean_ncd,mean_lev,mean_rep,n_pairs,"partial r(cos,comp)|rep","partial r(cos,ncd)|rep","partial r(cos,lev)|rep","partial r(comp,ncd)|rep","partial r(comp,lev)|rep","partial r(ncd,lev)|rep"
Repetition,0.9985937238719527,0.9979739166552865,0.997151367952889,0.9954914526610319,0.994210037287223,0.9915254214052711,0.9975581699884153,0.9995005697116187,0.9960572102834482,0.9908007337732672,0.9844637373866723,0.7191963555947659,0.8969399816664253,0.9547619047619048,0.8137755102040815,14,0.6949492454561449,0.7019150677030629,0.927901184691684,-0.024361937964343598,0.9129282005973336,0.3857583749052298
Creative/Bilingual,0.8288977188771024,0.4629128315452876,0.2024626030410801,0.8795618478397962,0.48093074627615556,0.5898644099234203,,,,,0.9220418071827802,0.8289152327766375,0.712507014768959,0.029629629629629634,0.0,9,0.8288977188771024,0.4629128315452876,0.2024626030410801,0.8795618478397962,0.48093074627615556,0.5898644099234203
Long-form Reasoning,0.7227880658622703,0.10202554072667303,0.21117689789672708,0.7538259152482931,0.5762513994520625,0.6181894562063002,0.3365829087002024,0.048919528653934806,-0.17024268259182035,-0.14621467143559758,0.9460173590743699,0.8386425401365798,0.7085041380298899,0.07555555555555556,0.00714285714285714,15,0.7509864448086384,0.17170491529104315,0.2795285204472301,0.7743718621566376,0.5904491105376264,0.6086276303632805
ALL,-0.08858460665564406,0.7720292501916154,0.6280516235205094,-0.4854011016893069,-0.7541001605699491,0.9060918123125911,0.5293905080424637,-0.8719688782802478,0.8304924311447508,0.9656093589044838,0.9545033940572101,0.7923322151411882,0.778875919649972,0.38859649122807016,0.3026315789473684,38,0.8981402443471832,0.7033306862825277,0.5298273100216563,0.8755489397785456,0.6904303873485982,0.7192104674122415
