{
  "R_collapse_steps": 673,
  "R_final": 0.11032841015498455,
  "R_mean": 0.32049260967520693,
  "R_std": 0.16103225553193412,
  "R_var": 0.025931387321702123,
  "_saved_at": "2025-10-29T20:52:52.279960Z",
  "coherence_final": 0.2125244140625,
  "coherence_mean": 0.4054934542742385,
  "coherence_std": 0.15762080222338495,
  "entropy_final": 0.77392578125,
  "entropy_mean": 0.32118083915242823,
  "entropy_std": 0.4172484576281533,
  "seed": 771056
}