{
  "R_collapse_steps": 675,
  "R_final": 0.15793122473501053,
  "R_mean": 0.3722690549888807,
  "R_std": 0.1866769256849233,
  "R_var": 0.034848274583174375,
  "_saved_at": "2025-10-29T23:13:21.810854Z",
  "coherence_final": 0.251220703125,
  "coherence_mean": 0.4844896556712963,
  "coherence_std": 0.16113396089598028,
  "entropy_final": 0.59765625,
  "entropy_mean": 0.36138238968672576,
  "entropy_std": 0.45526340426102513,
  "intervention": "none",
  "seed": 778957
}