{
  "R_collapse_steps": 620,
  "R_final": 0.265514101331225,
  "R_mean": 0.34893174432113566,
  "R_std": 0.16641555027759297,
  "R_var": 0.027694135374194077,
  "_saved_at": "2025-10-30T00:29:19.228974Z",
  "coherence_final": 0.290283203125,
  "coherence_mean": 0.4631114344443044,
  "coherence_std": 0.14886206508862102,
  "entropy_final": 0.1373291015625,
  "entropy_mean": 0.38017060977797357,
  "entropy_std": 0.4444566466720171,
  "intervention": "logit_shuffle",
  "seed": 783762
}