{
  "R_collapse_steps": 575,
  "R_final": 0.26341898825791776,
  "R_mean": 0.30900003821724525,
  "R_std": 0.17264220256724816,
  "R_var": 0.029805330107270746,
  "_saved_at": "2025-10-30T02:27:11.915372Z",
  "coherence_final": 0.274169921875,
  "coherence_mean": 0.4110743514351223,
  "coherence_std": 0.15849859623132576,
  "entropy_final": 0.0631103515625,
  "entropy_mean": 0.38899307551591294,
  "entropy_std": 0.49223376371986793,
  "intervention": "embed_noise",
  "seed": 791163
}