{
  "R_collapse_steps": 445,
  "R_final": 0.39892359469857336,
  "R_mean": 0.28313490362022636,
  "R_std": 0.1767709276180092,
  "R_var": 0.03124796085093145,
  "_saved_at": "2025-10-30T02:20:35.994046Z",
  "coherence_final": 0.39892578125,
  "coherence_mean": 0.4236355556530899,
  "coherence_std": 0.1508269194336501,
  "entropy_final": 8.821487426757812e-06,
  "entropy_mean": 0.5616368103563116,
  "entropy_std": 0.48070404872910705,
  "intervention": "embed_noise",
  "seed": 789801
}