{
  "R_collapse_steps": 604,
  "R_final": 0.3373860246144947,
  "R_mean": 0.31927556043141886,
  "R_std": 0.1715129686472678,
  "R_var": 0.02941669841419867,
  "_saved_at": "2025-10-30T02:44:41.679323Z",
  "coherence_final": 0.33740234375,
  "coherence_mean": 0.4370159123907026,
  "coherence_std": 0.16383509675839705,
  "entropy_final": 7.784366607666016e-05,
  "entropy_mean": 0.41093617845450015,
  "entropy_std": 0.4678137576930333,
  "intervention": "embed_noise",
  "seed": 791186
}