{
  "R_collapse_steps": 369,
  "R_final": 0.296401271791253,
  "R_mean": 0.28076398569744104,
  "R_std": 0.1891591663314246,
  "R_var": 0.035781190207199554,
  "_saved_at": "2025-10-29T17:30:29.878929Z",
  "coherence_final": 0.299072265625,
  "coherence_mean": 0.4506774736936823,
  "coherence_std": 0.16493362488517227,
  "entropy_final": 0.014373779296875,
  "entropy_mean": 0.6192751793357415,
  "entropy_std": 0.5328366600186085
}