{
  "R_collapse_steps": 631,
  "R_final": 0.4316394900243662,
  "R_mean": 0.31107218957445737,
  "R_std": 0.17851798807759112,
  "R_var": 0.03186867206727097,
  "_saved_at": "2025-10-29T17:25:35.787047Z",
  "coherence_final": 0.431640625,
  "coherence_mean": 0.45218799911474844,
  "coherence_std": 0.15511654424839025,
  "entropy_final": 4.231929779052734e-06,
  "entropy_mean": 0.5143466183765187,
  "entropy_std": 0.4645965463538112
}