{
  "n_steps": 607.447619047619,
  "H_mean": 0.4577471424109079,
  "H_std": 0.47164256933052684,
  "H_min": 1.9047619047619045e-08,
  "H_max": 1.5839657809523808,
  "H_final": 0.16893292380952382,
  "R_mean": 0.3103992010490624,
  "R_std": 0.1713062737581855,
  "R_min": 0.005575628571428571,
  "R_max": 0.8222833142857143,
  "R_final": 0.30584821904761905,
  "HR_corr": -0.7134006028582377,
  "neg_dR_count": 298.34285714285716,
  "abs_dR_mean": 0.18863909723904837,
  "lag_H_to_R_steps": -18.295238095238094,
  "H_slope_per_step": -0.00011798788035708822,
  "curvature_zero_rate": 0.4852150875822027,
  "stabilized": 0.009523809523809523,
  "stabilized_index": 602.3619047619048
}