{
  "R_collapse_steps": 798,
  "R_final": 0.409905505697105,
  "R_mean": 0.30778262656588007,
  "R_std": 0.1634677546893988,
  "R_var": 0.026721706823193466,
  "_saved_at": "2025-10-29T23:24:34.492323Z",
  "coherence_final": 0.409912109375,
  "coherence_mean": 0.43049174143855734,
  "coherence_std": 0.16037885074988328,
  "entropy_final": 2.5928020477294922e-05,
  "entropy_mean": 0.4351406213932468,
  "entropy_std": 0.4751729931274962,
  "intervention": "none",
  "seed": 778971
}