{
  "R_collapse_steps": 594,
  "R_final": 0.3879292381001719,
  "R_mean": 0.3006678782403983,
  "R_std": 0.16144129820504682,
  "R_var": 0.02606329276613086,
  "_saved_at": "2025-10-29T23:15:33.843361Z",
  "coherence_final": 0.387939453125,
  "coherence_mean": 0.4354618984440762,
  "coherence_std": 0.16178242190645548,
  "entropy_final": 4.2378902435302734e-05,
  "entropy_mean": 0.46778145603057913,
  "entropy_std": 0.4800602311662906,
  "intervention": "none",
  "seed": 778960
}