{
  "R_collapse_steps": 523,
  "R_final": 0.4421120131255526,
  "R_mean": 0.2630587187418095,
  "R_std": 0.1671087740695058,
  "R_var": 0.02792534237101314,
  "_saved_at": "2025-10-29T23:46:04.573240Z",
  "coherence_final": 0.443359375,
  "coherence_mean": 0.4266820145382708,
  "coherence_std": 0.15834291282016977,
  "entropy_final": 0.004528045654296875,
  "entropy_mean": 0.6021299766764814,
  "entropy_std": 0.5052648854542738,
  "intervention": "none",
  "seed": 780827
}