{
  "R_collapse_steps": 580,
  "R_final": 0.3659621751729892,
  "R_mean": 0.36995184806004394,
  "R_std": 0.17720449700706642,
  "R_var": 0.03140143375952741,
  "_saved_at": "2025-10-30T01:04:50.131497Z",
  "coherence_final": 0.365966796875,
  "coherence_mean": 0.4761628249595905,
  "coherence_std": 0.15204071658183485,
  "entropy_final": 2.0325183868408203e-05,
  "entropy_mean": 0.36333197314163734,
  "entropy_std": 0.43025838451419646,
  "intervention": "embed_noise",
  "seed": 785310
}