{
  "R_collapse_steps": 425,
  "R_final": 0.24129487050559373,
  "R_mean": 0.29848428433543284,
  "R_std": 0.1744380903640502,
  "R_var": 0.030428647369856537,
  "_saved_at": "2025-10-30T02:39:55.981695Z",
  "coherence_final": 0.276123046875,
  "coherence_mean": 0.42259765625,
  "coherence_std": 0.16470765660999742,
  "entropy_final": 0.2030029296875,
  "entropy_mean": 0.4573376725701725,
  "entropy_std": 0.4861359061018358,
  "intervention": "embed_noise",
  "seed": 791180
}