{
  "R_collapse_steps": 683,
  "R_final": 0.36234731877446263,
  "R_mean": 0.31004304220451656,
  "R_std": 0.17876769545770513,
  "R_var": 0.031957888939258806,
  "_saved_at": "2025-10-30T01:53:30.933684Z",
  "coherence_final": 0.362548828125,
  "coherence_mean": 0.42487115147871296,
  "coherence_std": 0.1577532408397325,
  "entropy_final": 0.0008945465087890625,
  "entropy_mean": 0.4480002351421563,
  "entropy_std": 0.4748196422998469,
  "intervention": "logit_shuffle",
  "seed": 788288
}