{
  "n_steps": 600.7222222222222,
  "H_mean": 0.4608671022538544,
  "H_std": 0.4727919311459099,
  "H_min": 2.2222222222222224e-08,
  "H_max": 1.5841580000000002,
  "H_final": 0.1644379,
  "R_mean": 0.3097017222238904,
  "R_std": 0.17139226290542045,
  "R_min": 0.005440055555555556,
  "R_max": 0.8210311555555556,
  "R_final": 0.30731918888888893,
  "HR_corr": -0.7148658730637125,
  "neg_dR_count": 295.23333333333335,
  "abs_dR_mean": 0.1889327282965486,
  "lag_H_to_R_steps": -20.055555555555554,
  "H_slope_per_step": -0.00012211292613892053,
  "curvature_zero_rate": 0.4854816259724258,
  "stabilized": 0.011111111111111112,
  "stabilized_index": 594.9555555555554
}