{
  "R_collapse_steps": 322,
  "R_final": 0.3998980191825269,
  "R_mean": 0.2554064533508934,
  "R_std": 0.20105551114228257,
  "R_var": 0.04042331856068451,
  "_saved_at": "2025-10-30T02:16:03.321842Z",
  "coherence_final": 0.39990234375,
  "coherence_mean": 0.43796401882763975,
  "coherence_std": 0.197878437984194,
  "entropy_final": 1.7404556274414062e-05,
  "entropy_mean": 0.6853110531102056,
  "entropy_std": 0.5301895463286462,
  "intervention": "embed_noise",
  "seed": 789795
}