{
  "R_collapse_steps": 532,
  "R_final": 0.35740560682302724,
  "R_mean": 0.2905604544948505,
  "R_std": 0.1691913417354809,
  "R_var": 0.028625710118252275,
  "_saved_at": "2025-10-29T21:05:21.898238Z",
  "coherence_final": 0.357421875,
  "coherence_mean": 0.41834035314115364,
  "coherence_std": 0.15733115862196964,
  "entropy_final": 7.325410842895508e-05,
  "entropy_mean": 0.48049528964031907,
  "entropy_std": 0.48749877547304593,
  "seed": 771073
}