{
  "R_collapse_steps": 722,
  "R_final": 0.1792676133446632,
  "R_mean": 0.34954253384102385,
  "R_std": 0.16562661074310706,
  "R_var": 0.027432174186248704,
  "_saved_at": "2025-10-30T00:31:43.993233Z",
  "coherence_final": 0.29931640625,
  "coherence_mean": 0.4487352873149671,
  "coherence_std": 0.15165152665504594,
  "entropy_final": 0.6455078125,
  "entropy_mean": 0.34422202214309716,
  "entropy_std": 0.438147523049035,
  "intervention": "logit_shuffle",
  "seed": 783765
}