{
  "R_collapse_steps": 748,
  "R_final": 0.36056402633914736,
  "R_mean": 0.31959198931670235,
  "R_std": 0.17474129485224357,
  "R_var": 0.030534520126638723,
  "_saved_at": "2025-10-29T21:02:19.324040Z",
  "coherence_final": 0.360595703125,
  "coherence_mean": 0.4444458497399315,
  "coherence_std": 0.15241427842863253,
  "entropy_final": 0.00014138221740722656,
  "entropy_mean": 0.45288400200599016,
  "entropy_std": 0.4821195061197625,
  "seed": 771069
}