{
  "R_collapse_steps": 726,
  "R_final": 0.20527927771477292,
  "R_mean": 0.3405895931463923,
  "R_std": 0.1747411090713708,
  "R_var": 0.03053445519949271,
  "_saved_at": "2025-10-30T00:14:44.357689Z",
  "coherence_final": 0.276611328125,
  "coherence_mean": 0.44538337140043904,
  "coherence_std": 0.1621611253827253,
  "entropy_final": 0.4150390625,
  "entropy_mean": 0.3682327263118807,
  "entropy_std": 0.45586902002895846,
  "intervention": "none",
  "seed": 782306
}