{
  "R_collapse_steps": 722,
  "R_final": 0.35320832356592863,
  "R_mean": 0.2746668709299254,
  "R_std": 0.16249536551245722,
  "R_var": 0.026404743813027067,
  "_saved_at": "2025-10-29T17:24:46.448674Z",
  "coherence_final": 0.353515625,
  "coherence_mean": 0.4355214295955246,
  "coherence_std": 0.1446168357523968,
  "entropy_final": 0.0013990402221679688,
  "entropy_mean": 0.5727319712453932,
  "entropy_std": 0.5097984940462028
}