{
  "R_collapse_steps": 564,
  "R_final": 0.03498665076922054,
  "R_mean": 0.27297514364062264,
  "R_std": 0.16609075709757304,
  "R_var": 0.02758613959324501,
  "_saved_at": "2025-10-29T20:47:57.074433Z",
  "coherence_final": 0.297119140625,
  "coherence_mean": 0.40182229982200246,
  "coherence_std": 0.15341011838557997,
  "entropy_final": 1.419921875,
  "entropy_mean": 0.515826905027349,
  "entropy_std": 0.4931825314796544,
  "seed": 769724
}