{
  "R_collapse_steps": 512,
  "R_final": 0.40550263509591356,
  "R_mean": 0.2543072424381343,
  "R_std": 0.17643040623452028,
  "R_var": 0.031127688244077856,
  "_saved_at": "2025-10-29T20:56:35.476832Z",
  "coherence_final": 0.405517578125,
  "coherence_mean": 0.41434675455093384,
  "coherence_std": 0.16593110347154968,
  "entropy_final": 5.930662155151367e-05,
  "entropy_mean": 0.5831206187140197,
  "entropy_std": 0.5589105276123327,
  "seed": 771061
}