{
  "R_collapse_steps": 695,
  "R_final": 0.2826430910623656,
  "R_mean": 0.36870125006640825,
  "R_std": 0.16508437257592407,
  "R_var": 0.027252850068786513,
  "_saved_at": "2025-10-30T01:05:43.747757Z",
  "coherence_final": 0.307861328125,
  "coherence_mean": 0.46174746726056654,
  "coherence_std": 0.14265131913551163,
  "entropy_final": 0.1318359375,
  "entropy_mean": 0.323506988038262,
  "entropy_std": 0.424647764301419,
  "intervention": "embed_noise",
  "seed": 785311
}