{
  "R_collapse_steps": 627,
  "R_final": 0.3456508122507899,
  "R_mean": 0.34449688238077464,
  "R_std": 0.16429300209665695,
  "R_var": 0.02699219053793213,
  "_saved_at": "2025-10-30T00:41:54.030241Z",
  "coherence_final": 0.345703125,
  "coherence_mean": 0.43612198776415473,
  "coherence_std": 0.14571186157015617,
  "entropy_final": 0.0002435445785522461,
  "entropy_mean": 0.32933457511844055,
  "entropy_std": 0.4364943879456254,
  "intervention": "logit_shuffle",
  "seed": 783778
}