{
  "R_collapse_steps": 830,
  "R_final": 0.37254454789307606,
  "R_mean": 0.3073615423926029,
  "R_std": 0.16480566228760168,
  "R_var": 0.027160906322055013,
  "_saved_at": "2025-10-30T00:21:04.831720Z",
  "coherence_final": 0.37255859375,
  "coherence_mean": 0.4194668689406062,
  "coherence_std": 0.14918040327087276,
  "entropy_final": 6.0677528381347656e-05,
  "entropy_mean": 0.4263400579073343,
  "entropy_std": 0.4635423232111848,
  "intervention": "none",
  "seed": 782313
}