{
  "R_collapse_steps": 738,
  "R_final": 0.43114881493491314,
  "R_mean": 0.346579021055195,
  "R_std": 0.1584106995438098,
  "R_var": 0.025093949729959177,
  "_saved_at": "2025-10-29T20:20:02.402145Z",
  "coherence_final": 0.43115234375,
  "coherence_mean": 0.46225198885289637,
  "coherence_std": 0.1575057425676706,
  "entropy_final": 1.3172626495361328e-05,
  "entropy_mean": 0.3712688888799207,
  "entropy_std": 0.42556170075547245,
  "seed": 767693
}