{
  "R_collapse_steps": 735,
  "R_final": 0.3688271738085446,
  "R_mean": 0.30817327518142745,
  "R_std": 0.1720022362853377,
  "R_var": 0.029584769287157146,
  "_saved_at": "2025-10-29T20:44:21.354823Z",
  "coherence_final": 0.369873046875,
  "coherence_mean": 0.43330327248086736,
  "coherence_std": 0.15071341584109704,
  "entropy_final": 0.004550933837890625,
  "entropy_mean": 0.4709062860936535,
  "entropy_std": 0.463066026348497,
  "seed": 769719
}