{
  "R_collapse_steps": 691,
  "R_final": 0.36641539517140587,
  "R_mean": 0.25651859330237625,
  "R_std": 0.16759797790495157,
  "R_var": 0.028089082197828633,
  "_saved_at": "2025-10-30T01:24:31.716217Z",
  "coherence_final": 0.366455078125,
  "coherence_mean": 0.3878308087803003,
  "coherence_std": 0.16493432384711712,
  "entropy_final": 0.0001742839813232422,
  "entropy_mean": 0.5393786363939818,
  "entropy_std": 0.49407223196997274,
  "intervention": "logit_shuffle",
  "seed": 786882
}