{
  "R_collapse_steps": 602,
  "R_final": 0.33519646847469764,
  "R_mean": 0.3048531457080948,
  "R_std": 0.16713160774273,
  "R_var": 0.027932974306669765,
  "_saved_at": "2025-10-30T01:12:23.541689Z",
  "coherence_final": 0.335693359375,
  "coherence_mean": 0.43698627053701206,
  "coherence_std": 0.15102547129613078,
  "entropy_final": 0.0023822784423828125,
  "entropy_mean": 0.48021858980093285,
  "entropy_std": 0.4650794848413891,
  "intervention": "embed_noise",
  "seed": 785319
}