{
  "R_collapse_steps": 673,
  "R_final": 0.28442724724022994,
  "R_mean": 0.31117534145164216,
  "R_std": 0.17388408175644232,
  "R_var": 0.030235673888281116,
  "_saved_at": "2025-10-30T01:36:47.099919Z",
  "coherence_final": 0.326416015625,
  "coherence_mean": 0.42617271842786497,
  "coherence_std": 0.14866576819045013,
  "entropy_final": 0.20703125,
  "entropy_mean": 0.4486587183967919,
  "entropy_std": 0.4621312408274201,
  "intervention": "logit_shuffle",
  "seed": 786899
}