{
  "R_collapse_steps": 600,
  "R_final": 0.2479576384968386,
  "R_mean": 0.37571097392164204,
  "R_std": 0.17206091306312143,
  "R_var": 0.029604957804115036,
  "_saved_at": "2025-10-30T00:57:50.023795Z",
  "coherence_final": 0.26220703125,
  "coherence_mean": 0.4846483357747396,
  "coherence_std": 0.14318731143752367,
  "entropy_final": 0.08746337890625,
  "entropy_mean": 0.35866797000169753,
  "entropy_std": 0.4420733609151761,
  "intervention": "embed_noise",
  "seed": 785301
}