{
  "R_collapse_steps": 672,
  "R_final": 0.38518781842210104,
  "R_mean": 0.2671304427104191,
  "R_std": 0.17091466247585585,
  "R_var": 0.029211821849235726,
  "_saved_at": "2025-10-30T02:20:02.658324Z",
  "coherence_final": 0.38525390625,
  "coherence_mean": 0.41662177585420157,
  "coherence_std": 0.16511679781176572,
  "entropy_final": 0.0002760887145996094,
  "entropy_mean": 0.5639069133571216,
  "entropy_std": 0.4965793253585423,
  "intervention": "embed_noise",
  "seed": 789800
}