{
  "R_collapse_steps": 731,
  "R_final": 0.3052728635653662,
  "R_mean": 0.3062381319256522,
  "R_std": 0.16450389769584306,
  "R_var": 0.027061532357124402,
  "_saved_at": "2025-10-30T00:52:08.271589Z",
  "coherence_final": 0.30615234375,
  "coherence_mean": 0.42202015679773,
  "coherence_std": 0.1515874644822035,
  "entropy_final": 0.0046234130859375,
  "entropy_mean": 0.4328321976798667,
  "entropy_std": 0.46215019904375276,
  "intervention": "embed_noise",
  "seed": 785294
}