{
  "R_collapse_steps": 442,
  "R_final": 0.09301574315385772,
  "R_mean": 0.29045071328189287,
  "R_std": 0.16664528545053547,
  "R_var": 0.027770651162890448,
  "_saved_at": "2025-10-30T02:11:23.883515Z",
  "coherence_final": 0.218505859375,
  "coherence_mean": 0.42261556910173925,
  "coherence_std": 0.15269214788144245,
  "entropy_final": 0.92431640625,
  "entropy_mean": 0.5060106927183419,
  "entropy_std": 0.46826600050155104,
  "intervention": "embed_noise",
  "seed": 789788
}