{
  "R_collapse_steps": 749,
  "R_final": 0.38232254796836224,
  "R_mean": 0.3672724617535808,
  "R_std": 0.1559040839794335,
  "R_var": 0.02430608340146626,
  "_saved_at": "2025-10-29T17:05:25.815292Z",
  "coherence_final": 0.38232421875,
  "coherence_mean": 0.46635117167942675,
  "coherence_std": 0.14236594431621022,
  "entropy_final": 7.033348083496094e-06,
  "entropy_mean": 0.3276614510965284,
  "entropy_std": 0.4126792712210686
}