intervention,n_steps,H_mean,H_std,H_min,H_max,H_final,R_mean,R_std,R_min,R_max,R_final,HR_corr,neg_dR_count,abs_dR_mean,lag_H_to_R_steps,H_slope_per_step,curvature_zero_rate,stabilized,stabilized_index
none,600.7222222222222,0.46086710225385435,0.4727919311459099,2.222222222222222e-08,1.584158,0.1644379,0.30970172222389036,0.17139226290542042,0.005440055555555556,0.8210311555555555,0.3073191888888889,-0.7148658730637125,295.23333333333335,0.18893272829654859,-20.055555555555557,-0.00012211292613892053,0.4854816259724259,0.011111111111111112,594.9555555555555
