bucket,intervention,n_steps,H_mean,H_std,H_min,H_max,H_final,R_mean,R_std,R_min,R_max,R_final,HR_corr,neg_dR_count,abs_dR_mean,lag_H_to_R_steps,H_slope_per_step,curvature_zero_rate,stabilized,stabilized_index
creative,none,571.1666666666666,0.5332752105319497,0.4867778560533141,3.3333333333333334e-08,1.5849283666666667,0.14140293333333334,0.28725414898643536,0.17240690083967286,0.005262633333333333,0.8274154333333333,0.32784376666666665,-0.7478382974159388,281.1333333333333,0.19625395049736677,-16.0,-0.00014227677019217636,0.49446751566645414,0.0,570.1666666666666
multilingual,none,592.3333333333334,0.45929227756733515,0.4834141556815402,3.3333333333333334e-08,1.5869141,0.22187566666666667,0.3032194767294599,0.17448655310276598,0.004615933333333333,0.8017545666666667,0.27752166666666667,-0.6989319657863523,291.6,0.18587477185850845,-75.1,-0.00013975188730080658,0.4771848420944719,0.03333333333333333,577.0333333333333
science,none,638.6666666666666,0.3900338186622783,0.4481837817028754,0.0,1.5806315333333332,0.13003510000000001,0.3386315409557759,0.16728333477382246,0.0064416000000000005,0.8339234666666666,0.31659213333333336,-0.6978273559888465,312.96666666666664,0.18466946253377056,30.933333333333334,-8.431012092377866e-05,0.48479252015635155,0.0,637.6666666666666
