{
  "R_collapse_steps": 437,
  "R_final": 0.38914843902441404,
  "R_mean": 0.29034025183192197,
  "R_std": 0.17162499588082997,
  "R_var": 0.029455139211094904,
  "_saved_at": "2025-10-30T01:48:20.667715Z",
  "coherence_final": 0.38916015625,
  "coherence_mean": 0.432164312227367,
  "coherence_std": 0.16214428291520996,
  "entropy_final": 4.845857620239258e-05,
  "entropy_mean": 0.5221248670082616,
  "entropy_std": 0.4916507496117338,
  "intervention": "logit_shuffle",
  "seed": 788282
}