{
  "R_collapse_steps": 576,
  "R_final": 0.2942541548869395,
  "R_mean": 0.3643379624757085,
  "R_std": 0.18363573741563247,
  "R_var": 0.03372208405618312,
  "_saved_at": "2025-10-30T01:08:47.279353Z",
  "coherence_final": 0.29541015625,
  "coherence_mean": 0.501312255859375,
  "coherence_std": 0.1556244008276765,
  "entropy_final": 0.006298065185546875,
  "entropy_mean": 0.43814989262157017,
  "entropy_std": 0.4657661382759067,
  "intervention": "embed_noise",
  "seed": 785315
}