{
  "R_collapse_steps": 664,
  "R_final": 0.14842606556398633,
  "R_mean": 0.35876768159965194,
  "R_std": 0.1645531536068647,
  "R_var": 0.02707774036196441,
  "_saved_at": "2025-10-30T00:27:36.947804Z",
  "coherence_final": 0.259521484375,
  "coherence_mean": 0.46318725218255835,
  "coherence_std": 0.14987555785799167,
  "entropy_final": 0.68896484375,
  "entropy_mean": 0.3508583651070135,
  "entropy_std": 0.42187928472788433,
  "intervention": "logit_shuffle",
  "seed": 783760
}