{
  "R_collapse_steps": 442,
  "R_final": 0.24515634999780617,
  "R_mean": 0.2912710527010314,
  "R_std": 0.18262065192513352,
  "R_var": 0.033350302509560774,
  "_saved_at": "2025-10-29T21:00:42.058415Z",
  "coherence_final": 0.259765625,
  "coherence_mean": 0.4187654521130868,
  "coherence_std": 0.17482651792347448,
  "entropy_final": 0.09051513671875,
  "entropy_mean": 0.47980545184730944,
  "entropy_std": 0.507888190008764,
  "seed": 771067
}