{
  "R_collapse_steps": 653,
  "R_final": 0.39403186335230256,
  "R_mean": 0.37806056359157236,
  "R_std": 0.16958597089586117,
  "R_var": 0.02875940152469187,
  "_saved_at": "2025-10-29T20:53:43.019602Z",
  "coherence_final": 0.39404296875,
  "coherence_mean": 0.46217119529455397,
  "coherence_std": 0.15459744288690022,
  "entropy_final": 4.5359134674072266e-05,
  "entropy_mean": 0.2858597896365623,
  "entropy_std": 0.385322420850357,
  "seed": 771057
}