{
  "R_collapse_steps": 631,
  "R_final": 0.3959899195758614,
  "R_mean": 0.31436536662694076,
  "R_std": 0.16980363309222854,
  "R_var": 0.02883327381132017,
  "_saved_at": "2025-10-29T23:22:46.290325Z",
  "coherence_final": 0.39599609375,
  "coherence_mean": 0.42846786087930866,
  "coherence_std": 0.152939718548024,
  "entropy_final": 2.5093555450439453e-05,
  "entropy_mean": 0.42420375205446537,
  "entropy_std": 0.4579326847901848,
  "intervention": "none",
  "seed": 778969
}