{
  "R_collapse_steps": 434,
  "R_final": 0.2941461893214272,
  "R_mean": 0.32690727609818543,
  "R_std": 0.165143731051974,
  "R_var": 0.027272451905766718,
  "_saved_at": "2025-10-29T20:50:47.829564Z",
  "coherence_final": 0.296630859375,
  "coherence_mean": 0.4479896088349654,
  "coherence_std": 0.13370658705013325,
  "entropy_final": 0.01348114013671875,
  "entropy_mean": 0.44909934733869844,
  "entropy_std": 0.4478908446505006,
  "seed": 769728
}