{
  "R_collapse_steps": 614,
  "R_final": 0.25407279988593434,
  "R_mean": 0.34158695264063377,
  "R_std": 0.17506429648760877,
  "R_var": 0.030647507904701388,
  "_saved_at": "2025-10-29T20:58:50.245486Z",
  "coherence_final": 0.27490234375,
  "coherence_mean": 0.4339709452775092,
  "coherence_std": 0.170731881446942,
  "entropy_final": 0.1219482421875,
  "entropy_mean": 0.32949577490359255,
  "entropy_std": 0.43419795100844966,
  "seed": 771064
}