{
  "R_collapse_steps": 607,
  "R_final": 0.17164229658703628,
  "R_mean": 0.2895120184030653,
  "R_std": 0.17552482685714677,
  "R_var": 0.03080896484323135,
  "_saved_at": "2025-10-29T20:48:43.851826Z",
  "coherence_final": 0.2216796875,
  "coherence_mean": 0.4371989468569811,
  "coherence_std": 0.15632293769129643,
  "entropy_final": 0.36328125,
  "entropy_mean": 0.5509819126207707,
  "entropy_std": 0.4879288935055493,
  "seed": 769725
}