{
  "R_collapse_steps": 819,
  "R_final": 0.1465106721096804,
  "R_mean": 0.29314520304162056,
  "R_std": 0.17599662357143478,
  "R_var": 0.030974811508545315,
  "_saved_at": "2025-10-29T20:55:52.401328Z",
  "coherence_final": 0.267822265625,
  "coherence_mean": 0.4241772140484299,
  "coherence_std": 0.1573108130517305,
  "entropy_final": 0.72900390625,
  "entropy_mean": 0.48424486741332634,
  "entropy_std": 0.5173149150512175,
  "seed": 771060
}