{
  "R_collapse_steps": 604,
  "R_final": 0.12267786228549518,
  "R_mean": 0.34779921846690914,
  "R_std": 0.16049397551094918,
  "R_var": 0.02575831617530916,
  "_saved_at": "2025-10-29T20:02:07.979620Z",
  "coherence_final": 0.23291015625,
  "coherence_mean": 0.4627787608974027,
  "coherence_std": 0.1429360303975603,
  "entropy_final": 0.76171875,
  "entropy_mean": 0.38317740348395923,
  "entropy_std": 0.45237562326774544,
  "seed": 767671
}