{
  "R_collapse_steps": 840,
  "R_final": 0.2276088846031406,
  "R_mean": 0.32561639128786973,
  "R_std": 0.17352301131389755,
  "R_var": 0.030110235455443016,
  "_saved_at": "2025-10-30T00:10:52.203006Z",
  "coherence_final": 0.2498779296875,
  "coherence_mean": 0.40942266555059526,
  "coherence_std": 0.16191006218556306,
  "entropy_final": 0.1434326171875,
  "entropy_mean": 0.32066327993358884,
  "entropy_std": 0.43921207681817315,
  "intervention": "none",
  "seed": 782301
}